RUNE,SELL,LIMIT,IOC,14,1.2538,1.2650,FILLED,14,14,1740694831181,17.5532
SAFE,BUY,LIMIT,IOC,126,0.6001989,0.5939000,FILLED,39,126,1740694832080,75.62506139999999
DOT,SELL,LIMIT,IOC,1.9,4.850,4.873,FILLED,0.6,1.9,1740694832080,9.214999999999998
SHELL,SELL,LIMIT,IOC,35,0.6129467,0.6255000,FILLED,35,35,1740694833427,21.453134499999997
RUNE,SELL,LIMIT,IOC,315,1.2531,1.2650,FILLED,66,315,1740694834534,394.72650000000004
SAFE,BUY,LIMIT,IOC,906,0.6012234,0.5945970,FILLED,830,906,1740694838438,544.7084004
KAITO,SELL,LIMIT,IOC,1200.0,2.145911,2.161059,FILLED,80.9,1200.0,1740694852404,2575.0932
SHELL,SELL,LIMIT,IOC,251,0.6124013,0.6244000,FILLED,223,251,1740694855068,153.7127263
RUNE,SELL,LIMIT,IOC,20,1.2506,1.2610,FILLED,2,20,1740694862574,25.012
RUNE,SELL,LIMIT,IOC,59,1.2495,1.2620,FILLED,59,59,1740694863590,73.7205
KAITO,BUY,LIMIT,IOC,315.8,2.194932,2.172800,FILLED,104.2,315.8,1740694871550,693.1595256
AVA,SELL,LIMIT,IOC,24.6,0.5971461,0.6022000,FILLED,6.0,24.6,1740694904327,14.68979406
TST,BUY,LIMIT,IOC,21528,0.0950382,0.0942000,FILLED,5481,21528,1740694906415,2045.9823696
TST,BUY,LIMIT,IOC,1288,0.0951396,0.0943000,FILLED,1074,1288,1740694914110,122.53980480000001
G,SELL,LIMIT,IOC,24,0.0204206,0.0207100,FILLED,24,24,1740694918316,0.49009440000000004
SEI,SELL,LIMIT,IOC,517,0.2548742,0.2573000,FILLED,493,517,1740694923392,131.7699614
SAFE,BUY,LIMIT,IOC,6817,0.6022383,0.5955377,FILLED,256,6817,1740694928063,4105.4584911
BERA,BUY,LIMIT,IOC,8.8,8.090603,8.022000,FILLED,8.8,8.8,1740694951066,71.1973064
PIPPIN,SELL,LIMIT,IOC,50077,0.0288506,0.0293910,FILLED,25001,50077,1740694952648,1444.7514962
FIO,BUY,LIMIT,IOC,138774,0.0254677,0.0252492,FILLED,43381,138774,1740694953718,3534.2545998
PNUT,SELL,LIMIT,IOC,1504,0.1844975,0.1863518,FILLED,1326,1504,1740694956284,277.48424
G,SELL,LIMIT,IOC,3903,0.0203784,0.0206800,FILLED,3903,3903,1740694960293,79.5368952
SAFE,BUY,LIMIT,IOC,35,0.6051704,0.5964000,FILLED,35,35,1740694975606,21.180964
SAFE,BUY,LIMIT,IOC,10548,0.6077572,0.5983115,FILLED,114,10548,1740694985350,6410.6229456
SAFE,BUY,LIMIT,IOC,771,0.6099353,0.5985726,FILLED,116,771,1740694987144,470.2601163
AVA,SELL,LIMIT,IOC,165.0,0.5941264,0.5997000,FILLED,165.0,165.0,1740694996406,98.03085600000001
SAFE,BUY,LIMIT,IOC,1132,0.6078800,0.5994348,FILLED,394,1132,1740695017157,688.1201599999999
SAFE,BUY,LIMIT,IOC,893,0.6103344,0.5998503,FILLED,411,893,1740695058172,545.0286192000001
ETH,SELL,LIMIT,IOC,0.265,2266.42,2273.96,FILLED,0.243,0.265,1740695058567,600.6013
ONE,BUY,LIMIT,IOC,354,0.01443,0.01431,FILLED,354,354,1740695083615,5.10822
BERA,SELL,LIMIT,IOC,41.8,7.917028,7.992000,FILLED,7.8,41.8,1740695085091,330.9317704
SAFE,BUY,LIMIT,IOC,1635,0.6145858,0.6018418,FILLED,915,1635,1740695103064,1004.8477829999999
SAFE,BUY,LIMIT,IOC,1218,0.6164498,0.6043310,FILLED,189,1218,1740695121161,750.8358564
SAFE,BUY,LIMIT,IOC,7985,0.6138342,0.6054543,FILLED,2127,7985,1740695219472,4901.466087
IOTX,SELL,LIMIT,IOC,2904,0.01862,0.01886,FILLED,2599,2904,1740695243115,54.072480000000006
SAFE,BUY,LIMIT,IOC,4480,0.6168646,0.6046689,FILLED,279,4480,1740695245162,2763.5534079999998
SAFE,SELL,LIMIT,IOC,15,0.5966437,0.6021000,FILLED,15,15,1740695263182,8.9496555
KAITO,BUY,LIMIT,IOC,3.4,2.198253,2.177400,FILLED,3.4,3.4,1740695264331,7.474060199999999
SAFE,SELL,LIMIT,IOC,1322,0.5963151,0.6032056,FILLED,516,1322,1740695266707,788.3285622
PNUT,SELL,LIMIT,IOC,4364,0.1844446,0.1860789,FILLED,1487,4364,1740695287581,804.9162343999999
SEI,SELL,LIMIT,IOC,32255,0.2544529,0.2567818,FILLED,425,32255,1740695292222,8207.378289499999
SEI,SELL,LIMIT,IOC,391,0.2540627,0.2565000,FILLED,391,391,1740695300371,99.33851569999999
SAFE,SELL,LIMIT,IOC,1487,0.5955994,0.6011026,FILLED,1400,1487,1740695303105,885.6563078
SAFE,SELL,LIMIT,IOC,13,0.5951320,0.6009000,FILLED,13,13,1740695304307,7.7367159999999995
SAFE,SELL,LIMIT,IOC,3809,0.5945873,0.6010556,FILLED,157,3809,1740695307433,2264.7830257
NEIROETH,SELL,LIMIT,IOC,9791,0.0278497,0.0281100,FILLED,1878,9791,1740695308492,272.6764127
1000PEPE,SELL,LIMIT,IOC,23693,0.0081278,0.0081777,FILLED,22853,23693,1740695312688,192.57196539999998
TAO,SELL,LIMIT,IOC,10.000,320.26,323.34,FILLED,1.577,10.000,1740695315124,3202.6
1000PEPE,SELL,LIMIT,IOC,6691,0.0081244,0.0081765,FILLED,6691,6691,1740695315499,54.360360400000005
NEIROETH,SELL,LIMIT,IOC,758,0.0277689,0.0280400,FILLED,758,758,1740695315617,21.0488262
XRP,SELL,LIMIT,IOC,188.5,2.1613,2.1718,FILLED,180.9,188.5,1740695317239,407.40505
WLD,SELL,LIMIT,IOC,4365,1.1295891,1.1358796,FILLED,74,4365,1740695321463,4930.6564215
SEI,SELL,LIMIT,IOC,19,0.2539819,0.2565000,FILLED,19,19,1740695323078,4.8256561
TAO,SELL,LIMIT,IOC,0.033,320.06,323.28,FILLED,0.033,0.033,1740695323465,10.56198
1000PEPE,SELL,LIMIT,IOC,975,0.0081233,0.0081752,FILLED,975,975,1740695325204,7.9202175
FIO,SELL,LIMIT,IOC,595,0.0248575,0.0250900,FILLED,595,595,1740695326453,14.7902125
SUI,SELL,LIMIT,IOC,714.6,2.757505,2.782900,FILLED,150.7,714.6,1740695326628,1970.513073
SUI,SELL,LIMIT,IOC,78.2,2.755159,2.781700,FILLED,9.3,78.2,1740695328616,215.4534338
SEI,SELL,LIMIT,IOC,22026,0.2539023,0.2563000,FILLED,7303,22026,1740695330094,5592.452059800001
SEI,SELL,LIMIT,IOC,4517,0.2538338,0.2563000,FILLED,2310,4517,1740695334450,1146.5672746
SOLV,BUY,LIMIT,IOC,12006,0.0385019,0.0381000,FILLED,12006,12006,1740695358683,462.25381139999996
TIA,SELL,LIMIT,IOC,26,3.5844583,3.6194000,FILLED,19,26,1740695366169,93.19591580000001
TIA,SELL,LIMIT,IOC,41,3.5825611,3.6175000,FILLED,41,41,1740695370230,146.8850051
SAFE,SELL,LIMIT,IOC,531,0.5958843,0.6016000,FILLED,394,531,1740695370556,316.4145633
TIA,SELL,LIMIT,IOC,43,3.5820167,3.6167000,FILLED,43,43,1740695373109,154.0267181
KAITO,SELL,LIMIT,IOC,14.8,2.142198,2.162037,FILLED,4.6,14.8,1740695385598,31.704530400000003
PIPPIN,SELL,LIMIT,IOC,3035,0.0288305,0.0294100,FILLED,1567,3035,1740695386063,87.5005675
PIPPIN,SELL,LIMIT,IOC,313,0.0287770,0.0293300,FILLED,313,313,1740695392163,9.007201
KAITO,SELL,LIMIT,IOC,450.0,2.137770,2.157689,FILLED,48.8,450.0,1740695412246,961.9965000000001
TIA,SELL,LIMIT,IOC,20,3.5790919,3.6130000,FILLED,20,20,1740695421465,71.581838
TIA,SELL,LIMIT,IOC,115,3.5764783,3.6115000,FILLED,99,115,1740695435156,411.2950045
TIA,SELL,LIMIT,IOC,101,3.5763599,3.6113000,FILLED,68,101,1740695436271,361.2123499
NEIROETH,SELL,LIMIT,IOC,29743,0.0277165,0.0279775,FILLED,14125,29743,1740695441356,824.3718595
SAFE,BUY,LIMIT,IOC,1731,0.6106259,0.6044402,FILLED,533,1731,1740695459377,1056.9934329
TIA,SELL,LIMIT,IOC,6,3.5697093,3.6059000,FILLED,6,6,1740695467652,21.4182558
BERA,BUY,LIMIT,IOC,4.8,8.084266,8.005000,FILLED,4.8,4.8,1740695468152,38.804476799999996
BCH,SELL,LIMIT,IOC,3.130,331.32,332.78,FILLED,0.007,3.130,1740949325573,1037.0316
HBAR,SELL,LIMIT,IOC,26,0.26148,0.26395,FILLED,26,26,1740949326309,6.79848
ACT,SELL,LIMIT,IOC,43,0.2087146,0.2107000,FILLED,43,43,1740949327454,8.9747278
ACT,SELL,LIMIT,IOC,1349,0.2086058,0.2097683,FILLED,827,1349,1740949330073,281.4092242
ACT,SELL,LIMIT,IOC,1100,0.2077026,0.2091588,FILLED,532,1100,1740949332160,228.47286
SOL,SELL,LIMIT,IOC,1,174.1077,174.9100,FILLED,1,1,1740949335199,174.1077
1000FLOKI,SELL,LIMIT,IOC,14836,0.0870459,0.0878500,FILLED,15,14836,1740949335626,1291.4129724
ACT,SELL,LIMIT,IOC,1265,0.2071361,0.2091000,FILLED,1021,1265,1740949335629,262.02716649999996
BERA,SELL,LIMIT,IOC,1.8,8.652128,8.734666,FILLED,0.6,1.8,1740949336208,15.573830399999999
XAI,SELL,LIMIT,IOC,83,0.0926856,0.0940700,FILLED,83,83,1740949338323,7.692904800000001
SOL,SELL,LIMIT,IOC,5,174.0140,174.8200,FILLED,1,5,1740949339114,870.07
AVAAI,SELL,LIMIT,IOC,432,0.0542284,0.0551700,FILLED,276,432,1740949340558,23.4266688
ACT,SELL,LIMIT,IOC,3714,0.2070833,0.2088603,FILLED,1186,3714,1740949342050,769.1073762
SOL,SELL,LIMIT,IOC,1,173.9540,174.8500,FILLED,1,1,1740949342392,173.954
ACT,SELL,LIMIT,IOC,437,0.2069286,0.2089200,FILLED,193,437,1740949351353,90.4277982
HBAR,BUY,LIMIT,IOC,701,0.26666,0.26389,FILLED,701,701,1740949353558,186.92866
ACT,SELL,LIMIT,IOC,1488,0.2065393,0.2077904,FILLED,245,1488,1740949355299,307.3304784
B3,SELL,LIMIT,IOC,3492,0.0060529,0.0060900,FILLED,3492,3492,1740949355299,21.136726799999998
ACT,SELL,LIMIT,IOC,43,0.2050829,0.2068000,FILLED,43,43,1740949357415,8.818564700000001
ETH,BUY,LIMIT,IOC,0.050,2525.25,2515.69,FILLED,0.050,0.050,1740949367161,126.2625
GMT,BUY,LIMIT,IOC,922,0.06535,0.06441,FILLED,151,922,1740949367404,60.252700000000004
SOL,BUY,LIMIT,IOC,100,176.5249,175.6400,FILLED,5,100,1740949367524,17652.49
ETH,BUY,LIMIT,IOC,0.017,2525.92,2517.00,FILLED,0.017,0.017,1740949369037,42.94064
ZRX,BUY,LIMIT,IOC,27.4,0.3242,0.3211,FILLED,27.4,27.4,1740949369037,8.88308
ETH,BUY,LIMIT,IOC,0.057,2526.99,2515.98,FILLED,0.049,0.057,1740949370380,144.03843
XLM,BUY,LIMIT,IOC,85,0.34929,0.34580,FILLED,21,85,1740949370380,29.68965
SOLUSDC,BUY,LIMIT,IOC,0.20,176.5989,175.8025,FILLED,0.05,0.20,1740949370478,35.31978
BTC,BUY,LIMIT,IOC,0.052,94717.11,94333.10,FILLED,0.038,0.052,1740949370705,4925.28972
ETH,BUY,LIMIT,IOC,3.191,2527.70,2516.32,FILLED,0.472,3.191,1740949373299,8065.890699999999
XRP,SELL,LIMIT,IOC,12200.0,2.8422,2.8644,FILLED,239.6,12200.0,1740949373358,34674.840000000004
FARTCOIN,SELL,LIMIT,IOC,5.7,0.3402402,0.3433000,FILLED,5.7,5.7,1740949373398,1.93936914
FIDA,BUY,LIMIT,IOC,279,0.1419077,0.1406126,FILLED,118,279,1740949373575,39.5922483
SOLUSDC,BUY,LIMIT,IOC,0.21,176.7522,176.3300,FILLED,0.21,0.21,1740949377352,37.117962
SOL,BUY,LIMIT,IOC,15,176.9662,176.2800,FILLED,15,15,1740949377361,2654.493
SOL,BUY,LIMIT,IOC,1,177.0768,176.3900,FILLED,1,1,1740949378364,177.0768
SOL,BUY,LIMIT,IOC,5,177.1875,176.3200,FILLED,5,5,1740949379539,885.9375
SAND,BUY,LIMIT,IOC,81,0.36527,0.36323,FILLED,20,81,1740949380315,29.586869999999998
HBAR,BUY,LIMIT,IOC,3033,0.26726,0.26488,FILLED,1909,3033,1740949386395,810.59958
SOLUSDC,BUY,LIMIT,IOC,8.96,177.0852,176.2900,FILLED,2.12,8.96,1740949387081,1586.6833920000001
ADA,BUY,LIMIT,IOC,997,1.04130,1.03690,FILLED,985,997,1740949387081,1038.1761
ETH,BUY,LIMIT,IOC,1.259,2526.74,2516.03,FILLED,0.621,1.259,1740949387596,3181.1656599999997
BTC,BUY,LIMIT,IOC,0.033,94705.55,94329.50,FILLED,0.033,0.033,1740949387596,3125.28315
TST,SELL,LIMIT,IOC,58,0.0871938,0.0880000,FILLED,58,58,1740949413154,5.0572404
TST,SELL,LIMIT,IOC,4993,0.0871200,0.0879000,FILLED,4764,4993,1740949414320,434.99016
TST,SELL,LIMIT,IOC,2000,0.0871172,0.0878000,FILLED,2000,2000,1740949417244,174.23440000000002
TST,SELL,LIMIT,IOC,16263,0.0870489,0.0876665,FILLED,2366,16263,1740949419503,1415.6762607
GRASS,BUY,LIMIT,IOC,2190.2,2.7528818,2.7288080,FILLED,6.1,2190.2,1740949425423,6029.361718359999
KAITO,BUY,LIMIT,IOC,34.5,2.165640,2.144300,FILLED,34.5,34.5,1740949427231,74.71458
ADA,BUY,LIMIT,IOC,1336,1.04361,1.03889,FILLED,1101,1336,1740949438064,1394.2629599999998
GRASS,BUY,LIMIT,IOC,80.4,2.7549334,2.7304195,FILLED,21.7,80.4,1740949438601,221.49664536000003
1000PEPE,SELL,LIMIT,IOC,9730,0.0087874,0.0088365,FILLED,9730,9730,1740949455126,85.50140200000001
ETH,SELL,LIMIT,IOC,0.024,2496.33,2505.09,FILLED,0.024,0.024,1740949455358,59.91192
1000BONK,SELL,LIMIT,IOC,38883,0.0150929,0.0152346,FILLED,4463,38883,1740949455460,586.8572307
ETH,SELL,LIMIT,IOC,0.019,2495.71,2505.77,FILLED,0.019,0.019,1740949456423,47.41849
YGG,SELL,LIMIT,IOC,4642,0.2950863,0.2992484,FILLED,1949,4642,1740949457057,1369.7906046
ACT,SELL,LIMIT,IOC,16806,0.2047769,0.2056246,FILLED,3976,16806,1740949462106,3441.4805814
MOVE,SELL,LIMIT,IOC,2090,0.5326899,0.5374826,FILLED,116,2090,1740949462554,1113.321891
ACT,SELL,LIMIT,IOC,2885,0.2038758,0.2038758,FILLED,2885,2885,1740949463443,588.181683
ACH,SELL,LIMIT,IOC,6890,0.0305108,0.0308631,FILLED,1241,6890,1740949463443,210.219412
1000RATS,BUY,LIMIT,IOC,24433,0.0322923,0.0319700,FILLED,18548,24433,1740949464393,788.9977659000001
PNUT,SELL,LIMIT,IOC,268,0.2319807,0.2340827,FILLED,210,268,1740949464393,62.1708276
ACT,SELL,LIMIT,IOC,1000,0.2032541,0.2045351,FILLED,207,1000,1740949464462,203.2541
NEIRO,SELL,LIMIT,IOC,168845,0.00036836,0.00037170,FILLED,168845,168845,1740949466147,62.19574419999999
1000PEPE,SELL,LIMIT,IOC,44234,0.0087767,0.0088289,FILLED,44234,44234,1740949470735,388.2285478
TST,SELL,LIMIT,IOC,71447,0.0866616,0.0872807,FILLED,11145,71447,1740949471195,6191.711335200001
TST,SELL,LIMIT,IOC,3681,0.0865348,0.0872000,FILLED,3681,3681,1740949472368,318.53459879999997
TRUMP,SELL,LIMIT,IOC,3.09,17.320564,17.459000,FILLED,2.22,3.09,1740949472570,53.52054276
SOL,SELL,LIMIT,IOC,10,174.2146,175.0600,FILLED,10,10,1740949474660,1742.146
ADA,BUY,LIMIT,IOC,4348,1.04430,1.03930,FILLED,523,4348,1740949481183,4540.6164
DOGE,BUY,LIMIT,IOC,167,0.235422,0.234270,FILLED,167,167,1740949483156,39.315474
DOGE,BUY,LIMIT,IOC,214,0.235463,0.234270,FILLED,214,214,1740949485122,50.389082
OXT,BUY,LIMIT,IOC,451,0.0977446,0.0959100,FILLED,451,451,1740949493679,44.0828146
DOGE,BUY,LIMIT,IOC,25,0.235807,0.234800,FILLED,25,25,1740949495111,5.895175
DOGE,BUY,LIMIT,IOC,370,0.235816,0.234800,FILLED,370,370,1740949496244,87.25192
DOGE,BUY,LIMIT,IOC,802,0.235973,0.234790,FILLED,802,802,1740949499541,189.25034599999998
SWARMS,SELL,LIMIT,IOC,2866,0.0655663,0.0660000,FILLED,2866,2866,1740949503614,187.91301579999998
KAITO,SELL,LIMIT,IOC,5.0,2.112424,2.130400,FILLED,5.0,5.0,1740949512147,10.56212
1000BONK,SELL,LIMIT,IOC,527,0.0150698,0.0152170,FILLED,527,527,1740949516422,7.9417846
AVAAI,SELL,LIMIT,IOC,3789,0.0535230,0.0543997,FILLED,86,3789,1740949516612,202.79864700000002
ARC,SELL,LIMIT,IOC,305,0.2354220,0.2397800,FILLED,305,305,1740949521531,71.80371
ETHFI,SELL,LIMIT,IOC,9.2,1.0270808,1.0372000,FILLED,9.2,9.2,1740949523474,9.449143359999999
BCH,SELL,LIMIT,IOC,1.842,330.64,332.13,FILLED,0.055,1.842,1740949523531,609.03888
ETHUSDC,SELL,LIMIT,IOC,0.703,2494.47,2503.04,FILLED,0.035,0.703,1740949524044,1753.6124099999997
1000PEPE,SELL,LIMIT,IOC,28819,0.0087677,0.0088186,FILLED,28819,28819,1740949525909,252.6763463
AVAAI,SELL,LIMIT,IOC,219,0.0534245,0.0542300,FILLED,219,219,1740949526215,11.6999655
DOGS,SELL,LIMIT,IOC,124626,0.0001883,0.0001900,FILLED,124626,124626,1740949526232,23.4670758
TAO,SELL,LIMIT,IOC,0.405,347.35,350.66,FILLED,0.029,0.405,1740949526412,140.67675000000003
YGG,SELL,LIMIT,IOC,543,0.2949026,0.2981119,FILLED,62,543,1740949527459,160.13211180000002
ENA,SELL,LIMIT,IOC,605,0.4502955,0.4544000,FILLED,605,605,1740949527656,272.4287775
YGG,SELL,LIMIT,IOC,15,0.2936848,0.2976000,FILLED,15,15,1740949529425,4.405272
MOVE,SELL,LIMIT,IOC,1334,0.5306741,0.5358000,FILLED,113,1334,1740949530708,707.9192494
ETHFI,SELL,LIMIT,IOC,342.4,1.0265910,1.0366592,FILLED,129.9,342.4,1740949531134,351.5047584
KAITO,SELL,LIMIT,IOC,1000.0,2.105165,2.123558,FILLED,45.1,1000.0,1740949531370,2105.165
CHZ,SELL,LIMIT,IOC,39792,0.05319,0.05368,FILLED,2225,39792,1740949532148,2116.53648
KAITO,SELL,LIMIT,IOC,116.8,2.104087,2.124400,FILLED,19.6,116.8,1740949532717,245.75736159999997
ETH,SELL,LIMIT,IOC,15.269,2491.77,2501.24,FILLED,9.251,15.269,1740949533237,38046.83613
PIPPIN,SELL,LIMIT,IOC,66128,0.0304237,0.0310117,FILLED,45997,66128,1740949533255,2011.8584336000001
BTC,SELL,LIMIT,IOC,0.002,93597.21,93955.40,FILLED,0.002,0.002,1740949534049,187.19442
QNT,SELL,LIMIT,IOC,32.2,98.578111,99.483447,FILLED,4.7,32.2,1740949534359,3174.2151742000005
ETH,SELL,LIMIT,IOC,0.593,2490.58,2499.78,FILLED,0.593,0.593,1740949535073,1476.91394
KAITO,SELL,LIMIT,IOC,179.3,2.103487,2.124300,FILLED,49.5,179.3,1740949535120,377.1552191
ETH,SELL,LIMIT,IOC,0.701,2490.25,2499.11,FILLED,0.701,0.701,1740949536250,1745.6652499999998
1000BONK,SELL,LIMIT,IOC,29006,0.0150416,0.0151870,FILLED,12938,29006,1740949536453,436.2966496
WIF,SELL,LIMIT,IOC,65.5,0.7465908,0.7537000,FILLED,65.5,65.5,1740949536453,48.9016974
1000PEPE,SELL,LIMIT,IOC,14124,0.0087542,0.0088082,FILLED,12993,14124,1740949536453,123.6443208
SOL,SELL,LIMIT,IOC,1,173.9239,174.7900,FILLED,1,1,1740949537048,173.9239
SUI,SELL,LIMIT,IOC,779.5,3.165132,3.197058,FILLED,215.1,779.5,1740949537201,2467.220394
1000PEPE,SELL,LIMIT,IOC,3583,0.0087528,0.0088076,FILLED,3583,3583,1740949537644,31.3612824
ARKM,SELL,LIMIT,IOC,1257,0.6751229,0.6817690,FILLED,349,1257,1740949537663,848.6294852999999
PIPPIN,SELL,LIMIT,IOC,8884,0.0303425,0.0309200,FILLED,8047,8884,1740949539207,269.56277
AUCTION,SELL,LIMIT,IOC,12.43,13.477365,13.673610,FILLED,0.49,12.43,1740949552573,167.52364695
KAITO,SELL,LIMIT,IOC,29.0,2.103305,2.124300,FILLED,0.4,29.0,1740949553372,60.995845
KAITO,SELL,LIMIT,IOC,937.8,2.102428,2.122641,FILLED,37.9,937.8,1740949557358,1971.6569784
FET,BUY,LIMIT,IOC,169,0.7512852,0.7448000,FILLED,79,169,1740949565503,126.96719879999999
AVAAI,SELL,LIMIT,IOC,454,0.0531428,0.0541727,FILLED,330,454,1740949568344,24.126831199999998
PNUT,SELL,LIMIT,IOC,164173,0.2302666,0.2330437,FILLED,1013,164173,1740949569500,37803.5585218
SWARMS,SELL,LIMIT,IOC,466268,0.0647570,0.0657948,FILLED,6011,466268,1740949569501,30194.116875999996
AVAAI,SELL,LIMIT,IOC,152,0.0530866,0.0541099,FILLED,1,152,1740949571539,8.0691632
TURBO,SELL,LIMIT,IOC,1356,0.0036346,0.0036704,FILLED,1356,1356,1740949573226,4.9285176
ARC,SELL,LIMIT,IOC,38,0.2348159,0.2395900,FILLED,38,38,1740949573311,8.9230042
1000PEPE,SELL,LIMIT,IOC,4379,0.0087490,0.0088006,FILLED,3243,4379,1740949575464,38.311871
QNT,SELL,LIMIT,IOC,0.9,98.540558,99.500000,FILLED,0.9,0.9,1740949575543,88.6865022
SOL,SELL,LIMIT,IOC,49,173.8372,174.6800,FILLED,43,49,1740949577090,8518.0228
1000PEPE,SELL,LIMIT,IOC,168421,0.0087451,0.0088017,FILLED,91803,168421,1740949577682,1472.8584871
SOL,SELL,LIMIT,IOC,74,173.7802,174.6000,FILLED,74,74,1740949578100,12859.7348
ETH,SELL,LIMIT,IOC,0.163,2489.26,2499.30,FILLED,0.163,0.163,1740949578511,405.74938000000003
1000PEPE,SELL,LIMIT,IOC,167317,0.0087449,0.0088021,FILLED,5962,167317,1740949578684,1463.1704333
SOLUSDC,SELL,LIMIT,IOC,0.83,173.8397,174.6900,FILLED,0.83,0.83,1740949579660,144.286951
FARTCOIN,SELL,LIMIT,IOC,575.9,0.3332437,0.3367000,FILLED,163.4,575.9,1740949581377,191.91504682999997
AI16Z,SELL,LIMIT,IOC,440.5,0.4261648,0.4301000,FILLED,371.7,440.5,1740949581628,187.7255944
PNUT,SELL,LIMIT,IOC,3088,0.2304447,0.2327800,FILLED,2988,3088,1740949582395,711.6132336000001
VINE,SELL,LIMIT,IOC,15991,0.0420920,0.0429132,FILLED,5955,15991,1740949582395,673.093172
PIPPIN,SELL,LIMIT,IOC,163,0.0301330,0.0306800,FILLED,163,163,1740949583178,4.911679
1000PEPE,SELL,LIMIT,IOC,1688,0.0087474,0.0088020,FILLED,1688,1688,1740949583178,14.7656112
AI16Z,SELL,LIMIT,IOC,1101.7,0.4260712,0.4296000,FILLED,1084.6,1101.7,1740949583683,469.40264104
SOL,SELL,LIMIT,IOC,4,173.7307,174.5200,FILLED,4,4,1740949585049,694.9228
SOLUSDC,SELL,LIMIT,IOC,33.54,173.7688,174.5900,FILLED,19.69,33.54,1740949585692,5828.205551999999
SEI,SELL,LIMIT,IOC,36982,0.2668715,0.2693000,FILLED,7491,36982,1740949586140,9869.441813
1000PEPE,SELL,LIMIT,IOC,35335,0.0087434,0.0087914,FILLED,35335,35335,1740949586425,308.948039
1000PEPE,SELL,LIMIT,IOC,585,0.0087405,0.0087923,FILLED,585,585,1740949587688,5.1131925
ETH,SELL,LIMIT,IOC,3.106,2488.63,2499.47,FILLED,3.106,3.106,1740949587952,7729.68478
1000SHIB,SELL,LIMIT,IOC,474,0.014783,0.014882,FILLED,474,474,1740949589944,7.007142
LUMIA,SELL,LIMIT,IOC,15.4,0.4554051,0.4600000,FILLED,15.4,15.4,1740949595109,7.013238540000001
SWARMS,SELL,LIMIT,IOC,115440,0.0646940,0.0652265,FILLED,10103,115440,1740949596368,7468.275360000001
NEIRO,SELL,LIMIT,IOC,421557,0.00036759,0.00037160,FILLED,421557,421557,1740949597443,154.96013763
SWARMS,SELL,LIMIT,IOC,47715,0.0647460,0.0652051,FILLED,26121,47715,1740949598096,3089.3553899999997
SWARMS,SELL,LIMIT,IOC,7797,0.0646756,0.0652000,FILLED,1078,7797,1740949600215,504.2756532
BERA,SELL,LIMIT,IOC,63.9,8.605778,8.694000,FILLED,62.7,63.9,1740949606363,549.9092142000001
COTI,SELL,LIMIT,IOC,477,0.08340,0.08465,FILLED,311,477,1740949606452,39.781800000000004
NEIRO,SELL,LIMIT,IOC,2307199,0.00036725,0.00037060,FILLED,235809,2307199,1740949608057,847.3188327500001
TST,SELL,LIMIT,IOC,265,0.0861439,0.0870000,FILLED,265,265,1740949609362,22.8281335
FARTCOIN,SELL,LIMIT,IOC,150.0,0.3331991,0.3367000,FILLED,150.0,150.0,1740949613082,49.979865000000004
FET,BUY,LIMIT,IOC,54,0.7542161,0.7473000,FILLED,54,54,1740949614434,40.727669399999996
SWARMS,SELL,LIMIT,IOC,18892,0.0644296,0.0650000,FILLED,1074,18892,1740949614564,1217.2040032
ACT,SELL,LIMIT,IOC,31203,0.2020888,0.2041626,FILLED,207,31203,1740949615455,6305.776826400001
AI16Z,SELL,LIMIT,IOC,1507.2,0.4245497,0.4280038,FILLED,1407.8,1507.2,1740949616156,639.88130784
ADA,BUY,LIMIT,IOC,319,1.04554,1.04030,FILLED,131,319,1740949618038,333.52725999999996
NEIRO,SELL,LIMIT,IOC,127448,0.00036700,0.00037050,FILLED,127448,127448,1740949620050,46.773416
ACT,SELL,LIMIT,IOC,44,0.2014412,0.2034800,FILLED,44,44,1740949632045,8.863412799999999
1000PEPE,SELL,LIMIT,IOC,53136,0.0087332,0.0087847,FILLED,25080,53136,1740949632449,464.0473152
1000SHIB,SELL,LIMIT,IOC,1668,0.014776,0.014866,FILLED,1668,1668,1740949635096,24.646368
NEIRO,SELL,LIMIT,IOC,2363048,0.00036672,0.00037020,FILLED,2363048,2363048,1740949635603,866.5769625600001
TRX,SELL,LIMIT,IOC,5001,0.24327,0.24482,FILLED,2870,5001,1740949635603,1216.5932699999998
BERA,SELL,LIMIT,IOC,38.0,8.601293,8.683000,FILLED,38.0,38.0,1740949636402,326.849134
ACT,SELL,LIMIT,IOC,9613,0.2011239,0.2031572,FILLED,1235,9613,1740949638717,1933.4040507
ADA,SELL,LIMIT,IOC,721,1.03176,1.03640,FILLED,721,721,1740949638717,743.89896
XRP,SELL,LIMIT,IOC,255.3,2.8521,2.8657,FILLED,255.3,255.3,1740949638717,728.1411300000001
MOODENG,SELL,LIMIT,IOC,1602,0.0602503,0.0608200,FILLED,880,1602,1740949641783,96.5209806
YGG,BUY,LIMIT,IOC,44,0.3038110,0.2996000,FILLED,44,44,1740949645057,13.367684
RSR,SELL,LIMIT,IOC,879,0.008150,0.008227,FILLED,879,879,1740949653290,7.163849999999999
IP,SELL,LIMIT,IOC,16.0,5.882898,5.969201,FILLED,5.9,16.0,1740949654688,94.126368
BERA,SELL,LIMIT,IOC,22.8,8.583803,8.664000,FILLED,22.8,22.8,1740949654688,195.7107084
FARTCOIN,SELL,LIMIT,IOC,52.5,0.3326033,0.3352000,FILLED,52.5,52.5,1740949656097,17.46167325
KAITO,SELL,LIMIT,IOC,1438.3,2.103685,2.125327,FILLED,15.8,1438.3,1740949660536,3025.7301355
ADA,SELL,LIMIT,IOC,595,1.03049,1.03510,FILLED,595,595,1740949660536,613.1415499999999
SOL,SELL,LIMIT,IOC,19,173.7944,174.6700,FILLED,6,19,1740949660536,3302.0936
PIPPIN,SELL,LIMIT,IOC,444,0.0301061,0.0307247,FILLED,234,444,1740949662057,13.3671084
BERA,SELL,LIMIT,IOC,183.0,8.570250,8.653981,FILLED,3.4,183.0,1740949662212,1568.35575
NEIRO,SELL,LIMIT,IOC,935052,0.00036692,0.00037070,FILLED,386121,935052,1740949662666,343.08927984
PNUT,SELL,LIMIT,IOC,1321,0.2306068,0.2328200,FILLED,1321,1321,1740949662666,304.6315828
1000PEPE,SELL,LIMIT,IOC,2444,0.0087149,0.0087719,FILLED,2444,2444,1740949663103,21.2992156
ETH,SELL,LIMIT,IOC,0.012,2488.25,2498.21,FILLED,0.011,0.012,1740949670645,29.859
FARTCOIN,SELL,LIMIT,IOC,23.8,0.3312747,0.3323000,FILLED,23.8,23.8,1740949673158,7.88433786
FARTCOIN,SELL,LIMIT,IOC,153.7,0.3308780,0.3316645,FILLED,54.5,153.7,1740949676663,50.8559486
SWARMS,SELL,LIMIT,IOC,866,0.0643657,0.0650000,FILLED,866,866,1740949677095,55.740696199999995
AVAAI,SELL,LIMIT,IOC,150,0.0527698,0.0537900,FILLED,150,150,1740949678382,7.91547
YGG,BUY,LIMIT,IOC,167,0.3045463,0.3000000,FILLED,167,167,1740949682155,50.8592321
ACT,SELL,LIMIT,IOC,7507,0.2003645,0.2022125,FILLED,292,7507,1740949692302,1504.1363015
ACT,SELL,LIMIT,IOC,515,0.1998891,0.2017981,FILLED,93,515,1740949695469,102.94288649999999
AI16Z,SELL,LIMIT,IOC,27.9,0.4228416,0.4267000,FILLED,27.9,27.9,1740949705197,11.797280639999999
AVAAI,SELL,LIMIT,IOC,10985,0.0526553,0.0536903,FILLED,793,10985,1740949707596,578.4184705
AI16Z,SELL,LIMIT,IOC,57.1,0.4227077,0.4262000,FILLED,57.1,57.1,1740949708627,24.136609670000002
AI16Z,SELL,LIMIT,IOC,28.6,0.4222504,0.4271000,FILLED,28.6,28.6,1740949710183,12.076361440000001
XRP,BUY,LIMIT,IOC,34.9,2.8856,2.8711,FILLED,34.9,34.9,1740949717416,100.70744
AI16Z,SELL,LIMIT,IOC,113.5,0.4224148,0.4273000,FILLED,113.5,113.5,1740949717416,47.9440798
PNUT,SELL,LIMIT,IOC,38,0.2304193,0.2326900,FILLED,38,38,1740949726644,8.7559334
BTC,SELL,LIMIT,IOC,0.015,93557.14,93922.50,FILLED,0.015,0.015,1740949728446,1403.3571
FARTCOIN,SELL,LIMIT,IOC,36.5,0.3305859,0.3350000,FILLED,36.5,36.5,1740949729280,12.06638535
PNUT,SELL,LIMIT,IOC,146,0.2302752,0.2324500,FILLED,146,146,1740949729592,33.6201792
MANA,SELL,LIMIT,IOC,64,0.3158,0.3178,FILLED,64,64,1740949729592,20.2112
DOT,SELL,LIMIT,IOC,5.8,5.069,5.100,FILLED,5.8,5.8,1740949729592,29.400199999999998
WLDUSDC,SELL,LIMIT,IOC,3.1,1.1928246,1.2000400,FILLED,3.1,3.1,1740949730151,3.6977562600000002
ACT,SELL,LIMIT,IOC,2,0.1995232,0.2007500,FILLED,2,2,1740949735402,0.3990464
PNUT,SELL,LIMIT,IOC,120,0.2301560,0.2323700,FILLED,73,120,1740949736061,27.61872
ACT,SELL,LIMIT,IOC,1023,0.1992357,0.2009468,FILLED,325,1023,1740949737142,203.81812109999998
VINE,SELL,LIMIT,IOC,11449,0.0420992,0.0430300,FILLED,6878,11449,1740949737588,481.9937408
IO,SELL,LIMIT,IOC,103.6,1.3224688,1.3355353,FILLED,55.0,103.6,1740949742106,137.00776768
TRUMP,SELL,LIMIT,IOC,19.77,16.995407,17.148000,FILLED,1.28,19.77,1740949742153,335.99919639
ACT,SELL,LIMIT,IOC,547,0.1988853,0.2006800,FILLED,456,547,1740949748223,108.79025909999999
SOL,SELL,LIMIT,IOC,24,173.5946,174.3500,FILLED,24,24,1740949749136,4166.2704
ALCH,BUY,LIMIT,IOC,8172,0.0630349,0.0625731,FILLED,2246,8172,1740949749171,515.1212028
TST,SELL,LIMIT,IOC,5929,0.0861258,0.0869000,FILLED,5929,5929,1740949749171,510.6398682
PNUT,SELL,LIMIT,IOC,1149,0.2300802,0.2322500,FILLED,1149,1149,1740949749171,264.3621498
TRUMP,SELL,LIMIT,IOC,11.03,16.978334,17.134000,FILLED,3.95,11.03,1740949749275,187.27102402
SOL,SELL,LIMIT,IOC,10,173.5331,174.4000,FILLED,6,10,1740949751209,1735.331
RAYSOL,SELL,LIMIT,IOC,353.9,2.7313984,2.7583936,FILLED,0.3,353.9,1740949751258,966.6418937599999
BTC,SELL,LIMIT,IOC,0.530,93547.16,93903.80,FILLED,0.526,0.530,1740949753041,49579.99480000001
LOKA,SELL,LIMIT,IOC,2213,0.1383922,0.1396650,FILLED,774,2213,1740949754498,306.2619386
BNB,SELL,LIMIT,IOC,0.02,614.478,617.400,FILLED,0.01,0.02,1740949754514,12.28956
BTC,SELL,LIMIT,IOC,0.121,93520.33,93856.70,FILLED,0.121,0.121,1740949755072,11315.959929999999
TRUMP,SELL,LIMIT,IOC,180.14,16.944918,17.118830,FILLED,30.57,180.14,1740949755264,3052.45752852
BTC,SELL,LIMIT,IOC,0.133,93511.49,93873.20,FILLED,0.070,0.133,1740949757152,12437.028170000001
SOLUSDC,SELL,LIMIT,IOC,1.46,173.5500,174.3400,FILLED,1.42,1.46,1740949757301,253.383
ADA,SELL,LIMIT,IOC,12,1.02592,1.02990,FILLED,12,12,1740949757463,12.311039999999998
TRUMP,SELL,LIMIT,IOC,93.20,16.944650,17.110000,FILLED,93.20,93.20,1740949758126,1579.24138
COOKIE,SELL,LIMIT,IOC,1431,0.2230546,0.2253000,FILLED,1376,1431,1740949758484,319.1911326
SOL,SELL,LIMIT,IOC,7,173.4340,174.2100,FILLED,7,7,1740949758486,1214.038
QNT,SELL,LIMIT,IOC,0.2,98.349256,99.280000,FILLED,0.2,0.2,1740949759556,19.6698512
BTC,SELL,LIMIT,IOC,0.007,93507.31,93841.00,FILLED,0.007,0.007,1740949760089,654.55117
TRUMP,SELL,LIMIT,IOC,15.24,16.920533,17.066000,FILLED,4.39,15.24,1740949761112,257.86892292
ACT,SELL,LIMIT,IOC,1353,0.1988088,0.2005249,FILLED,88,1353,1740949761208,268.9883064
SOL,SELL,LIMIT,IOC,49,173.3670,174.1500,FILLED,8,49,1740949761267,8494.983
BNB,SELL,LIMIT,IOC,0.40,614.275,617.200,FILLED,0.40,0.40,1740949761315,245.71
BTC,SELL,LIMIT,IOC,0.002,93501.99,93858.90,FILLED,0.002,0.002,1740949761396,187.00398
ADA,SELL,LIMIT,IOC,4479,1.02458,1.02920,FILLED,1592,4479,1740949761544,4589.09382
COMP,SELL,LIMIT,IOC,0.472,53.73,54.21,FILLED,0.472,0.472,1740949761641,25.360559999999996
TST,SELL,LIMIT,IOC,1687,0.0859752,0.0867000,FILLED,1687,1687,1740949762202,145.0401624
TRUMP,SELL,LIMIT,IOC,0.47,16.907216,17.068000,FILLED,0.47,0.47,1740949762205,7.946391519999999
1000PEPE,SELL,LIMIT,IOC,830192,0.0087196,0.0087707,FILLED,74132,830192,1740949763521,7238.942163199999
1000FLOKI,SELL,LIMIT,IOC,41737,0.0865569,0.0874030,FILLED,426,41737,1740949763521,3612.6253353
DASH,SELL,LIMIT,IOC,136.314,26.97,27.19,FILLED,13.175,136.314,1740949763521,3676.38858
BTC,SELL,LIMIT,IOC,0.124,93493.24,93886.90,FILLED,0.118,0.124,1740949763521,11593.16176
BNB,SELL,LIMIT,IOC,0.01,614.154,617.070,FILLED,0.01,0.01,1740949766085,6.14154
ACT,SELL,LIMIT,IOC,142711,0.1979785,0.2000366,FILLED,13162,142711,1740949770427,28253.7097135
BNB,SELL,LIMIT,IOC,0.03,614.050,617.020,FILLED,0.03,0.03,1740949770666,18.421499999999998
ACT,SELL,LIMIT,IOC,2272,0.1982910,0.1997252,FILLED,614,2272,1740949772402,450.517152
PNUT,BUY,LIMIT,IOC,2089,0.2348035,0.2326500,FILLED,1748,2089,1740949772402,490.5045115
ACT,SELL,LIMIT,IOC,35208,0.1981604,0.1988801,FILLED,1645,35208,1740949774174,6976.8313632
ACT,SELL,LIMIT,IOC,6798,0.1961204,0.1961204,FILLED,6798,6798,1740949776096,1333.2264792
1000PEPE,SELL,LIMIT,IOC,702345,0.0087100,0.0087630,FILLED,56059,702345,1740949776125,6117.4249500000005
PNUT,SELL,LIMIT,IOC,104360,0.2303531,0.2323151,FILLED,462,104360,1740949776403,24039.649516
ACT,SELL,LIMIT,IOC,110,0.1950597,0.1955800,FILLED,110,110,1740949777129,21.456567
KAITO,BUY,LIMIT,IOC,18.3,2.154904,2.134000,FILLED,18.3,18.3,1740949777553,39.43474320000001
ACT,SELL,LIMIT,IOC,2327,0.1939380,0.1958273,FILLED,337,2327,1740949778156,451.293726
ENA,SELL,LIMIT,IOC,20985,0.4506115,0.4544132,FILLED,392,20985,1740949778235,9456.0823275
BTC,SELL,LIMIT,IOC,0.114,93524.57,93873.60,FILLED,0.039,0.114,1740949778235,10661.800980000002
SOL,SELL,LIMIT,IOC,86,173.3027,174.1000,FILLED,13,86,1740949778235,14904.0322
PNUT,SELL,LIMIT,IOC,70,0.2300469,0.2323100,FILLED,70,70,1740949778573,16.103283
TRUMP,SELL,LIMIT,IOC,89.00,16.899468,17.078000,FILLED,7.07,89.00,1740949779272,1504.0526519999999
GRIFFAIN,SELL,LIMIT,IOC,14266,0.0642155,0.0647740,FILLED,851,14266,1740949779277,916.0983229999999
SOL,SELL,LIMIT,IOC,2,173.2490,174.0800,FILLED,2,2,1740949779643,346.498
BTC,SELL,LIMIT,IOC,0.005,93486.68,93850.00,FILLED,0.005,0.005,1740949783035,467.43339999999995
ACT,SELL,LIMIT,IOC,4444,0.1931361,0.1931361,FILLED,4444,4444,1740949784122,858.2968284
CKB,SELL,LIMIT,IOC,33333,0.0067287,0.0067770,FILLED,29423,33333,1740949784122,224.2877571
VTHO,SELL,LIMIT,IOC,3297,0.0031865,0.0032160,FILLED,3297,3297,1740949784179,10.5058905
CFX,SELL,LIMIT,IOC,1437,0.1202704,0.1214051,FILLED,21,1437,1740949784203,172.8285648
GPS,SELL,LIMIT,IOC,325,0.1345502,0.1372000,FILLED,325,325,1740949784203,43.728815000000004
ADA,BUY,LIMIT,IOC,859,1.03377,1.02950,FILLED,634,859,1740949784513,888.0084300000001
BOME,SELL,LIMIT,IOC,22783,0.0020237,0.0020420,FILLED,22783,22783,1740949785046,46.1059571
ACT,SELL,LIMIT,IOC,9264,0.1917201,0.1922140,FILLED,988,9264,1740949785129,1776.0950064
PNUT,SELL,LIMIT,IOC,7941,0.2306865,0.2322202,FILLED,1501,7941,1740949785129,1831.8814965
NOT,BUY,LIMIT,IOC,348918,0.0031261,0.0031045,FILLED,44419,348918,1740949785129,1090.7525598
SOLUSDC,SELL,LIMIT,IOC,0.82,173.2405,174.0400,FILLED,0.82,0.82,1740949785200,142.05721
BNB,SELL,LIMIT,IOC,8.00,613.986,616.930,FILLED,1.04,8.00,1740949785200,4911.888
TIA,SELL,LIMIT,IOC,14,4.1568508,4.1982000,FILLED,14,14,1740949785310,58.1959112
1MBABYDOGE,SELL,LIMIT,IOC,644668,0.0015264,0.0015406,FILLED,113976,644668,1740949785422,984.0212352
1000PEPE,SELL,LIMIT,IOC,547900,0.0087026,0.0087592,FILLED,33551,547900,1740949785513,4768.1545399999995
SUI,SELL,LIMIT,IOC,1110.5,3.162511,3.193289,FILLED,112.2,1110.5,1740949785513,3511.9684654999996
PNUT,SELL,LIMIT,IOC,261,0.2299110,0.2316900,FILLED,261,261,1740949787209,60.006771
BTC,SELL,LIMIT,IOC,0.291,93476.14,93833.30,FILLED,0.109,0.291,1740949788237,27201.556739999996
PNUT,SELL,LIMIT,IOC,507,0.2295693,0.2316310,FILLED,456,507,1740949788596,116.3916351
BCH,SELL,LIMIT,IOC,0.437,329.87,331.43,FILLED,0.437,0.437,1740949790591,144.15319
SUI,BUY,LIMIT,IOC,117.4,3.234922,3.202500,FILLED,117.4,117.4,1740949813546,379.77984280000004
PNUT,SELL,LIMIT,IOC,1938,0.2294115,0.2314100,FILLED,1301,1938,1740949818258,444.59948699999995
PNUT,SELL,LIMIT,IOC,44,0.2293430,0.2314400,FILLED,44,44,1740949819351,10.091092
PNUT,SELL,LIMIT,IOC,52688,0.2292463,0.2315095,FILLED,638,52688,1740949821266,12078.5290544
FET,BUY,LIMIT,IOC,243,0.7552077,0.7480000,FILLED,243,243,1740949823552,183.5154711
PNUT,SELL,LIMIT,IOC,31,0.2292097,0.2313000,FILLED,31,31,1740949824108,7.1055006999999994
POPCAT,SELL,LIMIT,IOC,2881,0.2825892,0.2844432,FILLED,92,2881,1740949824121,814.1394852
HBAR,BUY,LIMIT,IOC,1064,0.26907,0.26631,FILLED,681,1064,1740949832703,286.29048
SUPER,BUY,LIMIT,IOC,18,0.6459851,0.6395000,FILLED,18,18,1740949836120,11.6277318
ETH,BUY,LIMIT,IOC,0.041,2517.37,2508.00,FILLED,0.010,0.041,1740949843581,103.21217
ACT,SELL,LIMIT,IOC,14750,0.1906709,0.1915139,FILLED,2108,14750,1740949851056,2812.395775
ARC,SELL,LIMIT,IOC,2,0.2331277,0.2378300,FILLED,2,2,1740949852103,0.4662554
ACT,SELL,LIMIT,IOC,30225,0.1903688,0.1910669,FILLED,409,30225,1740949853053,5753.89698
SHELL,SELL,LIMIT,IOC,1010,0.4688374,0.4779587,FILLED,367,1010,1740949853624,473.525774
PNUT,SELL,LIMIT,IOC,2688,0.2291986,0.2313532,FILLED,2105,2688,1740949853624,616.0858368
ACT,SELL,LIMIT,IOC,435,0.1894684,0.1910800,FILLED,435,435,1740949854155,82.418754
TST,SELL,LIMIT,IOC,214,0.0861842,0.0868000,FILLED,144,214,1740949854603,18.4434188
PNUT,SELL,LIMIT,IOC,980,0.2291053,0.2313619,FILLED,198,980,1740949855335,224.52319400000002
PNUT,SELL,LIMIT,IOC,5530,0.2290557,0.2313200,FILLED,261,5530,1740949856692,1266.678021
SOL,BUY,LIMIT,IOC,55,176.1309,175.3500,FILLED,54,55,1740949859390,9687.1995
ACT,SELL,LIMIT,IOC,100003,0.1883489,0.1902308,FILLED,131,100003,1740949860116,18835.4550467
PNUT,SELL,LIMIT,IOC,5858,0.2289932,0.2312500,FILLED,5858,5858,1740949860419,1341.4421656
XLM,BUY,LIMIT,IOC,4161,0.35063,0.34721,FILLED,906,4161,1740949862319,1458.97143
ACT,SELL,LIMIT,IOC,47739,0.1885470,0.1911137,FILLED,638,47739,1740949863149,9001.045232999999
FET,BUY,LIMIT,IOC,1736,0.7591494,0.7515428,FILLED,744,1736,1740949865643,1317.8833584
ACT,SELL,LIMIT,IOC,23645,0.1882591,0.1900623,FILLED,7615,23645,1740949868650,4451.386419500001
ETH,BUY,LIMIT,IOC,0.299,2520.58,2511.21,FILLED,0.299,0.299,1740949869474,753.65342
ARB,SELL,LIMIT,IOC,1500.0,0.457858,0.460800,FILLED,1500.0,1500.0,1740949869586,686.787
ACT,SELL,LIMIT,IOC,1320410,0.1863924,0.1886964,FILLED,927,1320410,1740949871262,0.246114388884
GOAT,SELL,LIMIT,IOC,9549,0.1000505,0.1012000,FILLED,8263,9549,1740949871330,955.3822245
BERA,BUY,LIMIT,IOC,8.3,8.772149,8.679000,FILLED,5.7,8.3,1740949873184,72.80883670000001
ACT,SELL,LIMIT,IOC,8528,0.1870051,0.1888448,FILLED,509,8528,1740949874197,1594.7794928
FET,BUY,LIMIT,IOC,27471,0.7642544,0.7568828,FILLED,832,27471,1740949876321,20994.8326224
SOL,BUY,LIMIT,IOC,3,176.4908,175.6600,FILLED,3,3,1740949877235,529.4724
PNUT,BUY,LIMIT,IOC,853,0.2344897,0.2323400,FILLED,853,853,1740949878061,200.0197141
ETH,BUY,LIMIT,IOC,0.407,2521.34,2511.70,FILLED,0.407,0.407,1740949878218,1026.18538
FET,BUY,LIMIT,IOC,33341,0.7657481,0.7580778,FILLED,3740,33341,1740949878628,25530.807402100003
SOL,BUY,LIMIT,IOC,10,176.5839,175.7400,FILLED,7,10,1740949879275,1765.839
ETH,BUY,LIMIT,IOC,0.875,2522.26,2512.82,FILLED,0.875,0.875,1740949880510,2206.9775
ETH,BUY,LIMIT,IOC,0.102,2522.77,2512.12,FILLED,0.092,0.102,1740949881523,257.32254
FET,BUY,LIMIT,IOC,2768,0.7654265,0.7612459,FILLED,214,2768,1740949883688,2118.7005520000002
LAYER,BUY,LIMIT,IOC,229.8,0.886321,0.877600,FILLED,56.3,229.8,1740949883688,203.67656580000002
FET,BUY,LIMIT,IOC,182,0.7678660,0.7619000,FILLED,182,182,1740949885447,139.75161200000002
RARE,SELL,LIMIT,IOC,595,0.0612389,0.0618200,FILLED,595,595,1740949889548,36.4371455
FET,BUY,LIMIT,IOC,115,0.7700105,0.7677869,FILLED,7,115,1740949895574,88.5512075
BTC,BUY,LIMIT,IOC,0.003,94354.62,94029.90,FILLED,0.003,0.003,1740949896381,283.06386
1000PEPE,BUY,LIMIT,IOC,696054,0.0088431,0.0088028,FILLED,549248,696054,1740949896464,6155.275127399999
FET,BUY,LIMIT,IOC,499,0.7719367,0.7692000,FILLED,323,499,1740949896581,385.1964133
FET,BUY,LIMIT,IOC,2671,0.7744431,0.7698658,FILLED,73,2671,1740949899378,2068.5375201
SONIC,BUY,LIMIT,IOC,254.0,0.3243640,0.3217000,FILLED,254.0,254.0,1740949899378,82.38845599999999
ARKM,SELL,LIMIT,IOC,48,0.6806775,0.6865000,FILLED,28,48,1740949899378,32.672520000000006
FET,BUY,LIMIT,IOC,68,0.7768943,0.7706000,FILLED,68,68,1740949902416,52.828812400000004
ETH,BUY,LIMIT,IOC,0.056,2524.32,2514.89,FILLED,0.020,0.056,1740949926156,141.36192000000003
FET,BUY,LIMIT,IOC,763,0.7809172,0.7739876,FILLED,31,763,1740949929148,595.8398235999999
JUP,BUY,LIMIT,IOC,338,0.8436964,0.8347000,FILLED,338,338,1740949929220,285.1693832
KAITO,BUY,LIMIT,IOC,72.8,2.157233,2.141600,FILLED,54.0,72.8,1740949939109,157.0465624
SOL,BUY,LIMIT,IOC,3,176.6267,175.8400,FILLED,1,3,1740949942583,529.8801
